n,no,time,num
0,1,2020-03-22,81566
1,2,2020-03-23,81691
2,3,2020-03-24,81806
3,4,2020-03-25,81896
4,5,2020-03-26,82034
5,6,2020-03-27,82164
6,7,2020-03-28,82282
7,8,2020-03-29,82420
8,9,2020-03-30,82504
9,10,2020-03-31,82601
10,11,2020-04-01,82690
11,12,2020-04-02,82771
12,13,2020-04-03,82859
13,14,2020-04-04,82898
14,15,2020-04-05,82965
15,16,2020-04-06,83038
16,17,2020-04-07,83094
17,18,2020-04-08,83188
18,19,2020-04-09,83263
19,20,2020-04-10,83323
20,21,2020-04-11,83399
21,22,2020-04-12,83522
22,23,2020-04-13,83606
23,24,2020-04-14,83699
24,25,2020-04-15,83751
25,26,2020-04-16,83798
26,27,2020-04-17,84155
27,28,2020-04-18,84185
28,29,2020-04-19,84225
29,30,2020-04-20,84239
30,31,2020-04-21,84278
31,32,2020-04-22,84294
32,33,2020-04-24,84311
33,34,2020-04-25,84327
34,35,2020-04-26,84338
35,36,2020-04-27,84341
36,37,2020-04-28,84347
37,38,2020-04-29,84369
38,39,2020-04-30,84373
39,40,2020-05-01,84385
40,41,2020-05-02,84388
41,42,2020-05-03,84391
42,43,2020-05-04,84400
43,44,2020-05-05,84404
44,45,2020-05-06,84406
45,46,2020-05-07,84409
46,47,2020-05-08,84415
47,48,2020-05-09,84416
48,49,2020-05-10,84430
49,50,2020-05-11,84450
50,51,2020-05-12,84451
51,52,2020-05-13,84458
52,53,2020-05-14,84464
53,54,2020-05-15,84469
54,55,2020-05-16,84478
55,56,2020-05-17,84484
56,57,2020-05-18,84494
57,58,2020-05-19,84503
58,59,2020-05-20,84503
59,60,2020-05-21,84503
60,61,2020-05-22,84503
61,62,2020-05-23,84522
62,63,2020-05-24,84525
63,64,2020-05-25,84536
64,65,2020-05-26,84543
65,66,2020-05-27,84544
66,67,2020-05-28,84547
67,68,2020-05-29,84547
68,69,2020-05-30,84565
69,70,2020-05-31,84570
70,71,2020-06-01,84588
71,72,2020-06-02,84597
72,73,2020-06-03,84604
73,74,2020-06-04,84603
74,75,2020-06-05,84614
75,76,2020-06-06,84620
76,77,2020-06-07,84629
77,78,2020-06-08,84634
78,79,2020-06-09,84638
79,80,2020-06-10,84641
80,81,2020-06-11,84652
81,82,2020-06-12,84659
82,83,2020-06-13,84671
83,84,2020-06-14,84729
84,85,2020-06-15,84778
85,86,2020-06-16,84823
86,87,2020-06-17,84867
87,88,2020-06-18,84903
88,89,2020-06-19,84940
89,90,2020-06-20,84940
90,91,2020-06-21,84999
91,92,2020-06-22,85018
92,93,2020-06-23,85070
93,94,2020-06-24,85099
94,95,2020-06-25,85119
95,96,2020-06-26,85148
96,97,2020-06-27,85172
97,98,2020-06-28,85190
98,99,2020-06-29,85204
99,100,2020-06-30,85227
100,101,2020-07-01,85232
101,102,2020-07-02,85263
102,103,2020-07-03,85278
103,104,2020-07-04,85287
104,105,2020-07-05,85306
105,106,2020-07-06,85320
106,107,2020-07-07,85338
107,108,2020-07-08,85366
108,109,2020-07-09,85399
109,110,2020-07-10,85441
110,111,2020-07-11,85441
111,112,2020-07-12,85522
112,113,2020-07-13,85568
113,114,2020-07-14,85568
114,115,2020-07-15,85677
115,116,2020-07-16,85697
116,117,2020-07-17,85765
117,118,2020-07-18,85765
118,119,2020-07-19,85765
119,120,2020-07-20,85765
120,121,2020-07-21,85765
121,122,2020-07-22,85765
122,123,2020-07-23,86361
123,124,2020-07-24,86500
124,125,2020-07-25,86660
125,126,2020-07-26,86839
126,127,2020-07-27,87028
127,128,2020-07-28,87245
128,129,2020-07-29,87457
129,130,2020-07-30,87680
130,131,2020-07-31,87956
131,132,2020-08-01,88122
132,133,2020-08-02,88301
133,134,2020-08-03,88460
134,135,2020-08-04,88573
135,136,2020-08-05,88682
136,137,2020-08-06,88804
137,138,2020-08-07,88937
138,139,2020-08-08,89057
139,140,2020-08-09,89151
140,141,2020-08-10,89270
141,142,2020-08-11,89383
142,143,2020-08-12,89438
143,144,2020-08-13,89526
144,145,2020-08-14,89625
145,146,2020-08-15,89695
146,147,2020-08-16,89761
147,148,2020-08-17,89859
148,149,2020-08-18,89926
149,150,2020-08-19,89980
150,151,2020-08-20,90013
151,152,2020-08-21,90053
152,153,2020-08-22,90103
153,154,2020-08-23,90141
154,155,2020-08-24,90182
155,156,2020-08-25,90205
156,157,2020-08-26,90239
157,158,2020-08-27,90271
158,159,2020-08-28,90301
159,160,2020-08-29,90323
160,161,2020-08-30,90351
161,162,2020-08-31,90383
162,163,2020-09-01,90402
163,164,2020-09-02,90421
164,165,2020-09-03,90442
165,166,2020-09-04,90475
166,167,2020-09-05,90498
167,168,2020-09-06,90517
168,169,2020-09-07,90551
169,170,2020-09-08,90572
170,171,2020-09-09,90582
171,172,2020-09-10,90595
172,173,2020-09-11,90623
173,174,2020-09-12,90643
174,175,2020-09-13,90666
175,176,2020-09-14,90695
176,177,2020-09-15,90718
177,178,2020-09-16,90734
178,179,2020-09-17,90753
179,180,2020-09-18,90797
180,181,2020-09-19,90814
181,182,2020-09-20,90840
182,183,2020-09-21,90876
183,184,2020-09-22,90890
184,185,2020-09-23,90908
185,186,2020-09-24,90918
186,187,2020-09-25,90933
187,188,2020-09-26,90951
188,189,2020-09-27,90966
189,190,2020-09-28,90993
190,191,2020-09-29,91018
191,192,2020-09-30,91041
192,193,2020-10-01,91059
193,194,2020-10-02,91082
194,195,2020-10-03,91101
195,196,2020-10-04,91121
196,197,2020-10-05,91146
197,198,2020-10-06,91170
198,199,2020-10-07,91188
199,200,2020-10-08,91210
200,201,2020-10-09,91252
201,202,2020-10-10,91278
202,203,2020-10-11,91305
203,204,2020-10-12,91339
204,205,2020-10-13,91359
205,206,2020-10-14,91388
206,207,2020-10-15,91399
207,208,2020-10-16,91436
208,209,2020-10-17,91460
209,210,2020-10-18,91490
210,211,2020-10-19,91507
211,212,2020-10-20,91546
212,213,2020-10-21,91565
213,214,2020-10-22,91588
214,215,2020-10-23,91621
215,216,2020-10-24,91656
216,217,2020-10-25,91678
217,218,2020-10-26,91701
218,219,2020-10-27,91725
219,220,2020-10-28,91772
220,221,2020-10-29,91821
221,222,2020-10-30,91852
222,223,2020-10-31,91893
223,224,2020-11-01,91921
224,225,2020-11-02,91955
225,226,2020-11-03,92015
226,227,2020-11-04,92045
227,228,2020-11-05,92077
228,229,2020-11-06,92121
229,230,2020-11-07,92164
230,231,2020-11-08,92195
231,232,2020-11-09,92242
232,233,2020-11-10,92271
233,234,2020-11-11,92299
234,235,2020-11-12,92336
235,236,2020-11-13,92372
236,237,2020-11-14,92404
237,238,2020-11-15,92428
238,239,2020-11-16,92452
239,240,2020-11-17,92475
240,241,2020-11-18,92490
241,242,2020-11-19,92513
242,243,2020-11-20,92544
243,244,2020-11-21,92588
244,245,2020-11-22,92648
245,246,2020-11-23,92733
246,247,2020-11-24,92829
247,248,2020-11-25,92914
248,249,2020-11-26,93025
249,250,2020-11-27,93113
250,251,2020-11-28,93225
251,252,2020-11-29,93329
252,253,2020-11-30,93465
253,254,2020-12-01,93577
254,255,2020-12-02,93672
255,256,2020-12-03,93798
256,257,2020-12-04,93907
257,258,2020-12-05,94038
258,259,2020-12-06,94161
259,260,2020-12-07,94293
260,261,2020-12-08,94386
261,262,2020-12-09,94500
262,263,2020-12-10,94618
263,264,2020-12-11,94749
264,265,2020-12-12,94849
265,266,2020-12-13,94950
266,267,2020-12-14,95064
267,268,2020-12-15,95167
268,269,2020-12-16,95279
269,270,2020-12-17,95375
270,271,2020-12-18,95491
271,272,2020-12-19,95580
272,273,2020-12-20,95716
273,274,2020-12-21,95816
274,275,2020-12-22,95916
275,276,2020-12-23,95998
276,277,2020-12-24,96074
277,278,2020-12-25,96159
278,279,2020-12-26,96240
279,280,2020-12-27,96324
280,281,2020-12-28,96417
281,282,2020-12-29,96513
282,283,2020-12-30,96592
283,284,2020-12-31,96673
284,285,2021-01-01,96762
285,286,2021-01-02,96825
286,287,2021-01-03,96894
287,288,2021-01-04,96972
288,289,2021-01-05,97061
289,290,2021-01-06,97127
290,291,2021-01-07,97217
291,292,2021-01-08,97306
292,293,2021-01-09,97387
293,294,2021-01-10,97518
294,295,2021-01-11,97652
295,296,2021-01-12,97754
296,297,2021-01-13,97933
297,298,2021-01-14,98117
298,299,2021-01-15,98290
299,300,2021-01-16,98459
300,301,2021-01-17,98626
301,302,2021-01-18,98794
302,303,2021-01-19,99026
303,304,2021-01-20,99191
304,305,2021-01-21,99414
305,306,2021-01-22,99667
306,307,2021-01-23,99767
307,308,2021-01-24,99931
308,309,2021-01-25,100136
309,310,2021-01-26,100291
310,311,2021-01-27,100431
311,312,2021-01-28,100548
312,313,2021-01-29,100641
313,314,2021-01-30,100747
314,315,2021-01-31,100877
315,316,2021-02-01,100974
316,317,2021-02-02,101039
317,318,2021-02-03,101092
318,319,2021-02-04,101143
319,320,2021-02-05,101187
320,321,2021-02-06,101241
321,322,2021-02-07,101272
322,323,2021-02-08,101316
323,324,2021-02-09,101363
324,325,2021-02-10,101408
325,326,2021-02-11,101429
326,327,2021-02-12,101463
327,328,2021-02-13,101496
328,329,2021-02-14,101515
329,330,2021-02-15,101536
330,331,2021-02-16,101561
331,332,2021-02-17,101576
332,333,2021-02-18,101604
333,334,2021-02-19,101624
334,335,2021-02-20,101646
335,336,2021-02-21,101669
336,337,2021-02-22,101700
337,338,2021-02-23,101726
338,339,2021-02-24,101750
339,340,2021-02-25,101778
340,341,2021-02-26,101802
341,342,2021-02-27,101836
342,343,2021-02-28,101878
343,344,2021-03-01,101920
344,345,2021-03-02,101945
345,346,2021-03-03,101968
346,347,2021-03-04,101995
347,348,2021-03-05,102015
348,349,2021-03-06,102036
349,350,2021-03-07,102064
350,351,2021-03-08,102101
351,352,2021-03-09,102125
352,353,2021-03-10,102152
353,354,2021-03-11,102172
354,355,2021-03-12,102203
355,356,2021-03-13,102276
356,357,2021-03-14,102333
357,358,2021-03-15,102363
358,359,2021-03-16,102411
359,360,2021-03-17,102433
360,361,2021-03-18,102450
361,362,2021-03-19,102479
362,363,2021-03-20,102502
363,364,2021-03-21,102523
364,365,2021-03-22,102539
365,366,2021-03-23,102566
366,367,2021-03-24,102589
367,368,2021-03-25,102612
368,369,2021-03-26,102635
369,370,2021-03-27,102659
370,371,2021-03-28,102683
371,372,2021-03-29,102698
372,373,2021-03-30,102715
373,374,2021-03-31,102734
374,375,2021-04-01,102762
375,376,2021-04-02,102790
376,377,2021-04-03,102838
377,378,2021-04-04,102866
378,379,2021-04-05,102908
379,380,2021-04-06,102949
380,381,2021-04-07,102970
381,382,2021-04-08,103003
382,383,2021-04-09,103034
383,384,2021-04-10,103066
384,385,2021-04-11,103083
385,386,2021-04-12,103113
386,387,2021-04-13,103136
387,388,2021-04-14,103165
388,389,2021-04-15,103185
389,390,2021-04-16,103203
390,391,2021-04-17,103237
391,392,2021-04-18,103273
392,393,2021-04-19,103315
393,394,2021-04-20,103340
394,395,2021-04-21,103371
395,396,2021-04-22,103382
396,397,2021-04-23,103419
397,398,2021-04-24,103441
398,399,2021-04-25,103464
399,400,2021-04-26,103484
400,401,2021-04-27,103503
401,402,2021-04-28,103529
402,403,2021-04-29,103562
403,404,2021-04-30,103595
404,405,2021-05-01,103622
405,406,2021-05-02,103649
406,407,2021-05-03,103667
407,408,2021-05-04,103694
408,409,2021-05-05,103713
409,410,2021-05-06,103731
410,411,2021-05-07,103759
411,412,2021-05-08,103774
412,413,2021-05-09,103796
413,414,2021-05-10,103809
414,415,2021-05-11,103842
415,416,2021-05-12,103870
416,417,2021-05-13,103902
417,418,2021-05-14,103937
418,419,2021-05-15,103986
419,420,2021-05-16,104192
420,421,2021-05-17,104428
421,422,2021-05-18,104786
422,423,2021-05-19,105044
423,424,2021-05-20,105330
424,425,2021-05-21,105647
425,426,2021-05-22,105972
426,427,2021-05-23,106715
427,428,2021-05-24,107195
428,429,2021-05-25,107807
429,430,2021-05-26,108361
430,431,2021-05-27,109016
431,432,2021-05-28,110247
