n,no,time,num
0,1,2020-01-30,1
1,2,2020-01-31,1
2,3,2020-02-01,1
3,4,2020-02-02,2
4,5,2020-02-03,3
5,6,2020-02-04,3
6,7,2020-02-05,3
7,8,2020-02-06,3
8,9,2020-02-07,3
9,10,2020-02-08,3
10,11,2020-02-09,3
11,12,2020-02-10,3
12,13,2020-02-11,3
13,14,2020-02-12,3
14,15,2020-02-13,3
15,16,2020-02-14,3
16,17,2020-02-15,3
17,18,2020-02-16,3
18,19,2020-02-17,3
19,20,2020-02-18,3
20,21,2020-02-19,3
21,22,2020-02-20,3
22,23,2020-02-21,3
23,24,2020-02-22,3
24,25,2020-02-23,3
25,26,2020-02-24,3
26,27,2020-02-25,3
27,28,2020-02-26,3
28,29,2020-02-27,3
29,30,2020-02-28,3
30,31,2020-03-01,3
31,32,2020-03-02,5
32,33,2020-03-03,11
33,34,2020-03-04,28
34,35,2020-03-05,30
35,36,2020-03-06,31
36,37,2020-03-07,33
37,38,2020-03-08,40
38,39,2020-03-09,43
39,40,2020-03-10,59
40,41,2020-03-11,62
41,42,2020-03-12,74
42,43,2020-03-13,81
43,44,2020-03-14,84
44,45,2020-03-15,107
45,46,2020-03-16,117
46,47,2020-03-17,137
47,48,2020-03-18,151
48,49,2020-03-19,173
49,50,2020-03-20,223
50,51,2020-03-21,283
51,52,2020-03-22,341
52,53,2020-03-23,425
53,54,2020-03-24,519
54,55,2020-03-25,606
55,56,2020-03-26,649
56,57,2020-03-27,694
57,58,2020-03-28,918
58,59,2020-03-29,1024
59,60,2020-03-30,1071
60,61,2020-03-31,1251
61,62,2020-04-01,1637
62,63,2020-04-02,2032
63,64,2020-04-03,2567
64,65,2020-04-04,3082
65,66,2020-04-05,3588
66,67,2020-04-06,4314
67,68,2020-04-07,4911
68,69,2020-04-08,5480
69,70,2020-04-09,6237
70,71,2020-04-10,6725
71,72,2020-04-11,7997
72,73,2020-04-12,8504
73,74,2020-04-13,9240
74,75,2020-04-14,10541
75,76,2020-04-15,11555
76,77,2020-04-16,12759
77,78,2020-04-17,13835
78,79,2020-04-18,14792
79,80,2020-04-19,16402
80,81,2020-04-20,17615
81,82,2020-04-21,18985
82,83,2020-04-22,20471
83,84,2020-04-23,21797
84,85,2020-04-24,23502
85,86,2020-04-25,24942
86,87,2020-04-26,26917
87,88,2020-04-27,28380
88,89,2020-04-28,29451
89,90,2020-04-29,31787
90,91,2020-04-30,33610
91,92,2020-05-01,35043
92,93,2020-05-02,37336
93,94,2020-05-03,39699
94,95,2020-05-04,42836
95,96,2020-05-05,46476
96,97,2020-05-06,49852
97,98,2020-05-07,53045
98,99,2020-05-08,57306
99,100,2020-05-09,61356
100,101,2020-05-10,65021
101,102,2020-05-11,69149
102,103,2020-05-12,72593
103,104,2020-05-13,77729
104,105,2020-05-14,79333
105,106,2020-05-15,83072
106,107,2020-05-16,88506
107,108,2020-05-17,92239
108,109,2020-05-18,97577
109,110,2020-05-19,102335
110,111,2020-05-20,107819
111,112,2020-05-21,113461
112,113,2020-05-22,119574
113,114,2020-05-23,130506
114,115,2020-05-24,133725
115,116,2020-05-25,144069
116,117,2020-05-26,147144
117,118,2020-05-27,154820
118,119,2020-05-28,163120
119,120,2020-05-29,169011
120,121,2020-05-30,175957
121,122,2020-05-31,188989
122,123,2020-06-01,194700
123,124,2020-06-02,201997
124,125,2020-06-03,207191
125,126,2020-06-04,221222
126,127,2020-06-05,233576
127,128,2020-06-06,239644
128,129,2020-06-07,254242
129,130,2020-06-08,260093
130,131,2020-06-09,270876
131,132,2020-06-10,276583
132,133,2020-06-11,286577
133,134,2020-06-12,297535
134,135,2020-06-13,308916
135,136,2020-06-14,320922
136,137,2020-06-15,332424
137,138,2020-06-16,343091
138,139,2020-06-17,354065
139,140,2020-06-18,366946
140,141,2020-06-19,380532
141,142,2020-06-20,395048
142,143,2020-06-21,410451
143,144,2020-06-22,425282
144,145,2020-06-23,440215
145,146,2020-06-24,456183
146,147,2020-06-25,473105
147,148,2020-06-26,490401
148,149,2020-06-27,508953
149,150,2020-06-28,528859
150,151,2020-06-29,548318
151,152,2020-06-30,566840
152,153,2020-07-01,585481
153,154,2020-07-02,604641
154,155,2020-07-03,625544
155,156,2020-07-04,648315
156,157,2020-07-05,673165
157,158,2020-07-06,697413
158,159,2020-07-07,719664
159,160,2020-07-08,742417
160,161,2020-07-09,767296
161,162,2020-07-10,793802
162,163,2020-07-11,820916
163,164,2020-07-12,849553
164,165,2020-07-13,878254
165,166,2020-07-14,906752
166,167,2020-07-15,936181
167,168,2020-07-16,968876
168,169,2020-07-17,1003832
169,170,2020-07-18,1038716
170,171,2020-07-19,1077781
171,172,2020-07-20,1118206
172,173,2020-07-21,1155354
173,174,2020-07-22,1193078
174,175,2020-07-23,1238798
175,176,2020-07-24,1288108
176,177,2020-07-25,1337024
177,178,2020-07-26,1385685
178,179,2020-07-27,1435616
179,180,2020-07-28,1480073
180,181,2020-07-29,1531669
181,182,2020-07-30,1582028
182,183,2020-07-31,1638827
183,184,2020-08-01,1695988
184,185,2020-08-02,1750723
185,186,2020-08-03,1803695
186,187,2020-08-04,1855745
187,188,2020-08-05,1908254
188,189,2020-08-06,1964536
189,190,2020-08-07,2027074
190,191,2020-08-08,2088611
191,192,2020-08-09,2153010
192,193,2020-08-10,2215074
193,194,2020-08-11,2268675
194,195,2020-08-12,2329638
195,196,2020-08-13,2396637
196,197,2020-08-14,2461190
197,198,2020-08-15,2525922
198,199,2020-08-16,2589682
199,200,2020-08-17,2647663
200,201,2020-08-18,2702742
201,202,2020-08-19,2767273
202,203,2020-08-20,2836925
203,204,2020-08-21,2905825
204,205,2020-08-22,2975701
205,206,2020-08-23,3044940
206,207,2020-08-24,3106348
207,208,2020-08-25,3167323
208,209,2020-08-26,3234474
209,210,2020-08-27,3310234
210,211,2020-08-28,3387500
211,212,2020-08-29,3463972
212,213,2020-08-30,3542733
213,214,2020-08-31,3621245
214,215,2020-09-01,3691166
215,216,2020-09-02,3769523
216,217,2020-09-03,3853406
217,218,2020-09-04,3936747
218,219,2020-09-05,4023179
219,220,2020-09-06,4113811
220,221,2020-09-07,4204613
221,222,2020-09-08,4280422
222,223,2020-09-09,4370128
223,224,2020-09-10,4465863
224,225,2020-09-11,4562414
225,226,2020-09-12,4659984
226,227,2020-09-13,4754356
227,228,2020-09-14,4846427
228,229,2020-09-15,4930236
229,230,2020-09-16,5020359
230,231,2020-09-17,5118253
231,232,2020-09-18,5214677
232,233,2020-09-19,5308014
233,234,2020-09-20,5400619
234,235,2020-09-21,5487580
235,236,2020-09-22,5562663
236,237,2020-09-23,5646010
237,238,2020-09-24,5732518
238,239,2020-09-25,5818570
239,240,2020-09-26,5903932
240,241,2020-09-27,5992532
241,242,2020-09-28,6074702
242,243,2020-09-29,6145291
243,244,2020-09-30,6225763
244,245,2020-10-01,6312584
245,246,2020-10-02,6394068
246,247,2020-10-03,6473544
247,248,2020-10-04,6549373
248,249,2020-10-05,6623815
249,250,2020-10-06,6685082
250,251,2020-10-07,6757131
251,252,2020-10-08,6835655
252,253,2020-10-09,6906151
253,254,2020-10-10,6979423
254,255,2020-10-11,7053806
255,256,2020-10-12,7120538
256,257,2020-10-13,7175880
257,258,2020-10-14,7239389
258,259,2020-10-15,7307097
259,260,2020-10-16,7370468
260,261,2020-10-17,7432680
261,262,2020-10-18,7494551
262,263,2020-10-19,7550273
263,264,2020-10-20,7597063
264,265,2020-10-21,7651107
265,266,2020-10-22,7706946
266,267,2020-10-23,7761312
267,268,2020-10-24,7814682
268,269,2020-10-25,7864811
269,270,2020-10-26,7909959
270,271,2020-10-27,7946429
271,272,2020-10-28,7990322
272,273,2020-10-29,8040203
273,274,2020-10-30,8088851
274,275,2020-10-31,8137119
275,276,2020-11-01,8184082
276,277,2020-11-02,8229313
277,278,2020-11-03,8267623
278,279,2020-11-04,8313876
279,280,2020-11-05,8364086
280,281,2020-11-06,8411724
281,282,2020-11-07,8462080
282,283,2020-11-08,8507754
283,284,2020-11-09,8553657
284,285,2020-11-10,8591730
285,286,2020-11-11,8635754
286,287,2020-11-12,8683916
287,288,2020-11-13,8728795
288,289,2020-11-14,8773479
289,290,2020-11-15,8814579
290,291,2020-11-16,8845127
291,292,2020-11-17,8874290
292,293,2020-11-18,8912907
293,294,2020-11-19,8958483
294,295,2020-11-20,9004365
295,296,2020-11-21,9050597
296,297,2020-11-22,9095806
297,298,2020-11-23,9139865
298,299,2020-11-24,9177840
299,300,2020-11-25,9222216
300,301,2020-11-26,9266705
301,302,2020-11-27,9309787
302,303,2020-11-28,9351109
303,304,2020-11-29,9392919
304,305,2020-11-30,9431691
305,306,2020-12-01,9462809
306,307,2020-12-02,9499413
307,308,2020-12-03,9534964
308,309,2020-12-04,9571559
309,310,2020-12-05,9608211
310,311,2020-12-06,9644222
311,312,2020-12-07,9677203
312,313,2020-12-08,9703770
313,314,2020-12-09,9735850
314,315,2020-12-10,9767371
315,316,2020-12-11,9796769
316,317,2020-12-12,9826775
317,318,2020-12-13,9857029
318,319,2020-12-14,9884100
319,320,2020-12-15,9906165
320,321,2020-12-16,9932547
321,322,2020-12-17,9956557
322,323,2020-12-18,9979447
323,324,2020-12-19,10004599
324,325,2020-12-20,10031223
325,326,2020-12-21,10055560
326,327,2020-12-22,10075116
327,328,2020-12-23,10099066
328,329,2020-12-24,10123778
329,330,2020-12-25,10146845
330,331,2020-12-26,10169118
331,332,2020-12-27,10187850
332,333,2020-12-28,10207871
333,334,2020-12-29,10224303
334,335,2020-12-30,10244852
335,336,2020-12-31,10266674
336,337,2021-01-01,10286709
337,338,2021-01-02,10305788
338,339,2021-01-03,10323965
339,340,2021-01-04,10340469
340,341,2021-01-05,10356844
341,342,2021-01-06,10374932
342,343,2021-01-07,10395278
343,344,2021-01-08,10413417
344,345,2021-01-09,10431639
345,346,2021-01-10,10450284
346,347,2021-01-11,10466595
347,348,2021-01-12,10479179
348,349,2021-01-13,10495147
349,350,2021-01-14,10512093
350,351,2021-01-15,10527683
351,352,2021-01-16,10542841
352,353,2021-01-17,10557985
353,354,2021-01-18,10571773
354,355,2021-01-19,10581823
355,356,2021-01-20,10595660
356,357,2021-01-21,10610883
357,358,2021-01-22,10625428
358,359,2021-01-23,10639684
359,360,2021-01-24,10654533
360,361,2021-01-25,10667736
361,362,2021-01-26,10676838
362,363,2021-01-27,10689527
363,364,2021-01-28,10701193
364,365,2021-01-29,10720048
365,366,2021-01-30,10733130
366,367,2021-01-31,10746174
367,368,2021-02-01,10757610
368,369,2021-02-02,10766245
369,370,2021-02-03,10777284
370,371,2021-02-04,10790183
371,372,2021-02-05,10802591
372,373,2021-02-06,10814304
373,374,2021-02-07,10826363
374,375,2021-02-08,10838194
375,376,2021-02-09,10847304
376,377,2021-02-10,10858371
377,378,2021-02-11,10871294
378,379,2021-02-12,10880603
379,380,2021-02-13,10892746
380,381,2021-02-14,10904940
381,382,2021-02-15,10916589
382,383,2021-02-16,10925710
383,384,2021-02-17,10937320
384,385,2021-02-18,10950201
385,386,2021-02-19,10963394
386,387,2021-02-20,10977387
387,388,2021-02-21,10991651
388,389,2021-02-22,11005850
389,390,2021-02-23,11016434
390,391,2021-02-24,11030176
391,392,2021-02-25,11046914
392,393,2021-02-26,11063491
393,394,2021-02-27,11079979
394,395,2021-02-28,11096731
395,396,2021-03-01,11112241
396,397,2021-03-02,11124527
397,398,2021-03-03,11139516
398,399,2021-03-04,11156923
399,400,2021-03-05,11173761
400,401,2021-03-06,11192045
401,402,2021-03-07,11210799
402,403,2021-03-08,11229398
403,404,2021-03-09,11244786
404,405,2021-03-10,11262707
405,406,2021-03-11,11285561
406,407,2021-03-12,11308846
407,408,2021-03-13,11333728
408,409,2021-03-14,11359048
409,410,2021-03-15,11385339
410,411,2021-03-16,11409831
411,412,2021-03-17,11438734
412,413,2021-03-18,11474605
413,414,2021-03-19,11514331
414,415,2021-03-20,11555284
415,416,2021-03-21,11599130
416,417,2021-03-22,11646081
417,418,2021-03-23,11686796
418,419,2021-03-24,11734058
419,420,2021-03-25,11787534
420,421,2021-03-26,11846652
421,422,2021-03-27,11908910
422,423,2021-03-28,11971624
423,424,2021-03-29,12039644
424,425,2021-03-30,12095855
425,426,2021-03-31,12149335
426,427,2021-04-01,12221665
427,428,2021-04-02,12303131
428,429,2021-04-03,12392260
429,430,2021-04-04,12485509
430,431,2021-04-05,12589067
431,432,2021-04-06,12686049
432,433,2021-04-07,12801785
433,434,2021-04-08,12928574
434,435,2021-04-09,13060542
435,436,2021-04-10,13205926
436,437,2021-04-11,13358805
437,438,2021-04-12,13527717
438,439,2021-04-13,13689453
439,440,2021-04-14,13873825
440,441,2021-04-15,14074564
441,442,2021-04-16,14291917
442,443,2021-04-17,14526609
443,444,2021-04-18,14788109
444,445,2021-04-19,15061919
445,446,2021-04-20,15321089
446,447,2021-04-21,15616130
447,448,2021-04-22,15930965
448,449,2021-04-23,16263695
449,450,2021-04-24,16610481
450,451,2021-04-25,16960172
451,452,2021-04-26,17313163
452,453,2021-04-27,17636307
453,454,2021-04-28,17997113
454,455,2021-04-29,18376421
455,456,2021-04-30,18762976
456,457,2021-05-01,19164969
457,458,2021-05-02,19557457
458,459,2021-05-03,19925604
459,460,2021-05-04,20282833
460,461,2021-05-05,20665148
461,462,2021-05-06,21077410
462,463,2021-05-07,21491598
463,464,2021-05-08,21892676
464,465,2021-05-09,22296414
465,466,2021-05-10,22662575
466,467,2021-05-11,22992517
467,468,2021-05-12,23340938
468,469,2021-05-13,23703665
469,470,2021-05-14,24046809
470,471,2021-05-15,24372907
471,472,2021-05-16,24684077
472,473,2021-05-17,24965463
473,474,2021-05-18,25228996
474,475,2021-05-19,25496330
475,476,2021-05-20,25772440
476,477,2021-05-21,26031991
477,478,2021-05-22,26289290
478,479,2021-05-23,26530132
479,480,2021-05-24,26752447
480,481,2021-05-25,26948874
481,482,2021-05-26,27157795
482,483,2021-05-27,27369093
483,484,2021-05-28,27555457
484,485,2021-05-29,27729247
485,486,2021-05-30,27894800
